{"cameraMode":{"drawMode":0,"name":"Shaded","section":"Shading Mode"},"sceneLighting":true,"audioPlay":false,"sceneViewState":{"m_AlwaysRefresh":false,"showFog":true,"showSkybox":true,"showFlares":true,"showImageEffects":true,"showParticleSystems":true,"showVisualEffectGraphs":true,"m_FxEnabled":true},"in2DMode":false,"pivot":{"x":48.367916107177737,"y":27.133285522460939,"z":15.473577499389649},"rotation":{"x":-0.26229771971702578,"y":0.3700600266456604,"z":-0.10974980890750885,"w":-0.8844276070594788},"size":42.60378646850586,"orthographic":false}